BoysName,Rank,GirlsName
Benjamin / Benjamyn,1,Ava
Jack / Jak,2,Charlotte / Charlette
Jackson / Jaxon / Jaxson / Jaxin,3,Olivia
Connor / Conor / Conner,4,Lilly / Lily / Lillei
Grayson / Greyson / Greycen,5,Emma
William,6,Mia / Miya / Myah / Mya
Luke,7,Callie  / Cali / Calleigh / Kallie / Kali 
Jacob / Jakob,8,Amelia / Emilia
Noah,9,Emily
Liam,10,Avery / Averi
Ethan,11,Abigail / Abegale
James,12,Adaline / Adalyn / Addilyn / Adaylnn / Adelyn / Adeline
Thomas,13,Sarah / Sara
Carter,14,Claire / Klaire
Hunter,15,Harper
Lincoln,16,Lucy
Hudson,17,Sophia / Sofia
Oliver,18,Chloe / Khloe
Owen,19,Ellie / Elli
Samuel,20,Lauren
Aiden / Aidan / Aden,21,Madelyn / Madeleine / Madeline / Madilyn
Isaac,22,Rachel / Rachael
Nathan,23,Madison
Charlie / Charlye,24,Ella
Dawson,25,Evelyn
Michael / Micheal,26,Grace
Alexander,27,Kate
Blake,28,Scarlett
Parker,29,Zoe / Zoey
Elliot / Elliott,30,Addison / Addyson
Kayden / Kaden / Caden / Kaiden,31,Anna
Cameron,32,Arya / Aarjya / Aria / Ariah
Colton / Kolton / Colten,33,Brooklyn / Brooklynn / Brook-Lynn
Henry,34,Gracie / Graycee
Levi,35,Leah / Leia / Leigha / Lia 
Logan,36,Nora / Norah
Riley,37,Riley / Rylee / Ryleigh
Brody / Brodie,38,Sadie
Daniel,39,Catherine / Katherine
Landon / Landen,40,Isabella
Mason,41,Isla / Iyla
Spencer,42,Maci / Macie / Macy / Maecy
Wyatt,43,Molly
Casey / Kasey,44,Quinn
Eli,45,Carlee / Carleigh / Carlie / Carly / Karley / Karlee / Karlie
Gabriel,46,Hailey / Haley / Haylee / Hayley
Jake,47,Hannah
Lucas,48,Jade / Jayde
Ryder,49,Layla / Laila
Theodore,50,Katie / Kadie
Declan,51,Lyla / Lila / Lilah
Jasper,52,Natalie
Leo,53,Paisley / Paislee
Nate,54,Sophie
Nicholas / Nikolas,55,Tessa
Caleb / Kaleb,56,Alexa
Carson / Karson / Karsen,57,Alexis / Alexsis
Charles,58,Casey / Kacey / Kasey / Kaycee
Clark / Clarke,59,Clara
Cooper / Kooper ,60,Jada / Jada / Jayda
Maverick / Mavrick,61,Mila / Myla
Nolan / Nolen,62,Kaylee / Kayleigh
Patrick,63,Eva
Wesley,64,Georgia / Jorja
Chase / Chayse,65,Jordyn / Jordan
Cole / Kole,66,Julia
Deacon,67,Keira / Kiera / Kira / Kyra
Finley / Finlay / Finnley,68,Kinsley / Kinsleigh
George,69,Willow
Jesse,70,Allie
Rylan,71,Ariana / Arianna / Ariyana / Aryanna
Zachary / Zacharie,72,Aubree
Andrew,73,Audrey
Brayden / Braden,74,Aurora
Evan,75,Autumn
Felix,76,Emery
Harrison,77,Jenna / Jena
John / Jon,78,Lexi / Lexie
Joshua,79,Lillian / Lilian
Matthew,80,Lydia
Nash,81,Mackenzie
Sam,82,Nevaeh
Alex,83,Raya / Rayah / Raia
Austin / Auston,84,Rose
Bennett,85,Allison
Bentley / Bentlee,86,Alyssa
Dominic,87,Blair / Blaire
Dylan / Dyllan,88,Everly / Everleigh
Easton,89,Harley / Harlie
Elijah,90,Isabelle
Eric,91,Jayla / Jaylah
Isaiah,92,Kennedy / Kenadi
Joel,93,Maddison / Madysyn
Reid / Reed,94,Maria
Ronan / Ronin,95,Payton / Peyton
Ryan,96,Savannah
Jonathan / Jonathon / Johnathan,97,Sydney
Jase / Jayce / Jace,98,Eleanor
Finn / Fynn,99,Elizabeth
Jordan / Jordon,100,Heidi
